"index_id","consultation_id","reference","reference_stored","full_title_stored","buyer","procedure","deadline_stored","deadline_status","category","selection_bucket","matched_concept_groups","matched_terms","selection_reason","confidence","official_detail_needed","detail_url","snapshot_at_utc"
"724","1042105","03/2026","03/2026 - ...","Elaboration du plan d’aménagement et de sauvegarde de la médina de tiznit ...","AGENCE URBAINE DE TAROUDANNT      -","Appel d'offres ouvert","22/10/2026 11:30","FUTURE_UNVERIFIED","Services","HERITAGE","A+B","medina; plan d'amenagement","Explicit built/cultural/historical heritage or medina planning plus studies/design/supervision; travaux describes the supervised project, not execution-only scope.","HIGH","YES","https://www.marchespublics.gov.ma/index.php?page=entreprise.EntrepriseDetailsConsultation&refConsultation=1042105&orgAcronyme=j8k","2026-10-09 21:04:17.924986+00:00"
"1853","1039623","145/2026","145/2026 - ...","ETUDES TECHNIQUES, SUIVI ET DIRECTION DES TRAVAUX DE REHABILITATION ET DE LA MISE EN VALEUR DE LA MEDINA DE SAFI. ...","SOCIETE AL OMRANE MARRAKECH - SAFI      -","Appel d'offres ouvert","15/10/2026 10:00","FUTURE_UNVERIFIED","Services","HERITAGE","A+B","medina; etudes techniques; suivi","Explicit built/cultural/historical heritage or medina planning plus studies/design/supervision; travaux describes the supervised project, not execution-only scope.","HIGH","YES","https://www.marchespublics.gov.ma/index.php?page=entreprise.EntrepriseDetailsConsultation&refConsultation=1039623&orgAcronyme=j8k","2026-10-09 21:04:17.924986+00:00"
"2321","1030864","36/BR/RGON/2026","36/BR/RGON/2026 - ...","REALISATION DES ETUDES ET SUIVI DES TRAVAUX DE REHABILITATION DE L'ANCIENNE MEDINA DE LA VILLE DE GUELMIM -PROVINCE DE GUELMIM ...","REGION DE GUELMIM - OUED NOUN      -","Appel d'offres ouvert","13/10/2026 10:30","FUTURE_UNVERIFIED","Services","HERITAGE","A+B","ancienne medina; medina; suivi","Explicit built/cultural/historical heritage or medina planning plus studies/design/supervision; travaux describes the supervised project, not execution-only scope.","HIGH","YES","https://www.marchespublics.gov.ma/index.php?page=entreprise.EntrepriseDetailsConsultation&refConsultation=1030864&orgAcronyme=m8x","2026-10-09 21:04:17.924986+00:00"
"2965","1040346","42/2026/ADERFES","42/2026/ADERFES - ...","Etudes techniques et suivi des travaux d’amélioration des circuits touristiques au sein de la médina de Meknès - circuit ancienne médina - Tronçon : Rue Dar Smen – Rue Rouamzine, en lot unique. ...","AGENCE POUR LE DEVELOPPEMENT ET LA REHABILITATION DE LA VILLE DE FES      -","Appel d'offres ouvert","08/10/2026 10:30","EXPIRED","Services","HERITAGE","A+B","ancienne medina; medina; etudes techniques; suivi","Explicit built/cultural/historical heritage or medina planning plus studies/design/supervision; travaux describes the supervised project, not execution-only scope.","HIGH","YES","https://www.marchespublics.gov.ma/index.php?page=entreprise.EntrepriseDetailsConsultation&refConsultation=1040346&orgAcronyme=g3h","2026-10-09 21:04:17.924986+00:00"
"3790","1036481","04/2026/AUS","04/2026/AUS - ...","Appel d’offres ouvert National n° 04/2026 ayant pour objet l’étude de valorisation du patrimoine culturel, naturel et historique de la province de Settat. ...","AGENCE URBAINE DE SETTAT      -","Appel d'offres ouvert","02/10/2026 11:00","EXPIRED","Services","HERITAGE","A+B+D","patrimoine culturel","Explicit built/cultural/historical heritage or medina planning plus studies/design/supervision; travaux describes the supervised project, not execution-only scope.","HIGH","YES","https://www.marchespublics.gov.ma/index.php?page=entreprise.EntrepriseDetailsConsultation&refConsultation=1036481&orgAcronyme=j8k","2026-10-09 21:04:17.924986+00:00"
"3831","1036880","01/2026/CA/BP","01/2026/CA/BP - ...","ETUDES ARCHITECTURALES ET SUIVI DES TRAVAUX DE CREATION D’UN ESPACE DE LA MEMOIRE HISTORIQUE DE LA RESISTANCE ET DE LA LIBERATION A LA COMMUNE LEHRI DANS LE CADRE DE PARTENARIAT- PROVINCE DE KHENIFRA. ...","Province de KHENIFRA      -","Consultation architecturale ouverte simplifiée","02/10/2026 10:00","EXPIRED","Services","HERITAGE","A+B+C","memoire historique; etudes architecturales; suivi; procedure: consultation architecturale ouverte simplifiee","Explicit built/cultural/historical heritage or medina planning plus studies/design/supervision; travaux describes the supervised project, not execution-only scope.","HIGH","YES","https://www.marchespublics.gov.ma/index.php?page=entreprise.EntrepriseDetailsConsultation&refConsultation=1036880&orgAcronyme=q0x","2026-10-09 21:04:17.924986+00:00"
"13","1040198","06/2026","06/2026 - ...","CONCOURS ARCHITECTURAL POUR LA CONCEPTION ARCHITECTURALE ET LE SUIVI DES TRAVAUX DE CONSTRUCTION DU NOUVEAU SIEGE DE LA DIRECTION REGIONALE DE L’EQUIPEMENT, DU TRANSPORT ET DE LA LOGISTIQUE DE LAAYOUNE SAKIA EL HAMRA. ...","DIRECTEUR REGIONAL DE L'EQUIPEMENT ET DU TRANSPORT ET DE LA LOGISTIQUE ET DE L EAU LAAYOUNE      -","Concours Architectural","17/11/2026 11:00","FUTURE_UNVERIFIED","Services","COMPETITION","B+C+D","suivi; conception architecturale; siege; procedure: concours architectural","Architectural competition procedure and regional public headquarters or public corniche design; strategic scope plausible but detail must establish scale and eligibility.","MEDIUM","YES","https://www.marchespublics.gov.ma/index.php?page=entreprise.EntrepriseDetailsConsultation&refConsultation=1040198&orgAcronyme=o8p","2026-10-09 21:04:17.924986+00:00"
"114","1037536","06/2026/CA/BR/RGON","06/2026/CA/BR/RGON - ...","Concours architectural pour la conception et le suivi des travaux de construction de l’annexe du siège de la Région Guelmim Oued Noun ...","REGION DE GUELMIM - OUED NOUN      -","Concours Architectural","03/11/2026 11:00","FUTURE_UNVERIFIED","Services","COMPETITION","B+C+D","suivi; siege; procedure: concours architectural","Architectural competition procedure and regional public headquarters or public corniche design; strategic scope plausible but detail must establish scale and eligibility.","MEDIUM","YES","https://www.marchespublics.gov.ma/index.php?page=entreprise.EntrepriseDetailsConsultation&refConsultation=1037536&orgAcronyme=m8x","2026-10-09 21:04:17.924986+00:00"
"781","1032453","04/2026/CA/BR/RGON","04/2026/CA/BR/RGON - ...","L'élaboration des études architecturales et suivi des travaux d'aménagement de la corniche de SIDI IFNI. ...","REGION DE GUELMIM - OUED NOUN      -","Concours Architectural","22/10/2026 11:00","FUTURE_UNVERIFIED","Services","COMPETITION","B+C+D","etudes architecturales; suivi; corniche; procedure: concours architectural","Architectural competition procedure and regional public headquarters or public corniche design; strategic scope plausible but detail must establish scale and eligibility.","MEDIUM","YES","https://www.marchespublics.gov.ma/index.php?page=entreprise.EntrepriseDetailsConsultation&refConsultation=1032453&orgAcronyme=m8x","2026-10-09 21:04:17.924986+00:00"
"318","1045470","O26/OP/2026","O26/OP/2026 - ...","L’ETUDE TECHNIQUE ET SUIVI DES TRAVAUX DE REHABILITATION ET D’EQUIPEMENT DU COMPLEXE CULTUREL DE NADOR – PROVINCE DE NADOR. ...","AGENCE DE L'ORIENTAL      -","Appel d'offres ouvert","27/10/2026 12:00","FUTURE_UNVERIFIED","Services","MAJOR","B+D","etude technique; suivi; complexe culturel","Professional study/supervision of a cultural complex or regional hospital reconstruction; major architectural project plausible.","MEDIUM","YES","https://www.marchespublics.gov.ma/index.php?page=entreprise.EntrepriseDetailsConsultation&refConsultation=1045470&orgAcronyme=a1t","2026-10-09 21:04:17.924986+00:00"
"1772","1032035","46/2026","46/2026 - ...","ELABORATION DES ETUDES TECHNIQUES ET SUIVI DES TRAVAUX DE RECONSTRUCTION DU CENTRE HOSPITALIER REGIONAL DE SOUSS MASSA-AGADIR. ...","DIRECTION REGIONALE DE L'AGENCE NATIONALE DES EQUIPEMENTS PUBLICS DU SUD      -","Appel d'offres ouvert","15/10/2026 10:00","FUTURE_UNVERIFIED","Services","MAJOR","B+D","etudes techniques; suivi; centre hospitalier regional","Professional study/supervision of a cultural complex or regional hospital reconstruction; major architectural project plausible.","MEDIUM","YES","https://www.marchespublics.gov.ma/index.php?page=entreprise.EntrepriseDetailsConsultation&refConsultation=1032035&orgAcronyme=o8p","2026-10-09 21:04:17.924986+00:00"
"10","1045092","12/2026","12/2026 - ...","LA CONCEPTION ARCHITECTURALE ET LE SUIVI DES TRAVAUX DE CONSTRUCTION D’UN CENTRE D’ESTIVAGE DE LA FONDATION MOHAMMADIA DES ŒUVRES SOCIALES DES FONCTIONNAIRES DE LA JUSTICE A LAAYOUNE. ...","FONDATION MOHAMMEDIA DES OEUVRES SOCIALES DES FONCTIONNAIRES DE LA JUSTICE      -","Concours Architectural","17/11/2026 11:00","FUTURE_UNVERIFIED","Services","AMBIGUOUS","B+C","suivi; conception architecturale; procedure: concours architectural","Concours Architectural in the stored procedure; the named project does not establish major strategic relevance by title alone.","MEDIUM","YES","https://www.marchespublics.gov.ma/index.php?page=entreprise.EntrepriseDetailsConsultation&refConsultation=1045092&orgAcronyme=t5y","2026-10-09 21:04:17.924986+00:00"
"97","1043754","11/2026/DRANEFFM/SAP","11/2026/DRANEFFM/SAP - ...","Réalisation des études et contrôle pour le réaménagement du Centre d’Education à l’Environnement et ses annexes et l’aménagement scénographique et paysager dudit Centre, relevant du Parc National de Tazekka, CT de ...","DIRECTION REGIONALE DE L'AGENCE NATIONALE DES EAUX ET FORETS DE FES-MEKNES      -","Appel d'offres ouvert","04/11/2026 10:30","FUTURE_UNVERIFIED","Services","AMBIGUOUS","B","controle; scenographique","Professional service with architectural/public-building/landscape context, but heritage status, project scale or appropriate discipline is not established.","LOW","YES","https://www.marchespublics.gov.ma/index.php?page=entreprise.EntrepriseDetailsConsultation&refConsultation=1043754&orgAcronyme=w7t","2026-10-09 21:04:17.924986+00:00"
"109","1043745","10/2026/DRANEFFM/SAP","10/2026/DRANEFFM/SAP - ...","Prestations d’études et de contrôle des travaux de réaménagement du bâtiment administratif, de la scénographie et de l’aménagement paysager du siège du Parc National de Tazekka, Province de Taza, en lot unique ...","DIRECTION REGIONALE DE L'AGENCE NATIONALE DES EAUX ET FORETS DE FES-MEKNES      -","Appel d'offres ouvert","04/11/2026 09:30","FUTURE_UNVERIFIED","Services","AMBIGUOUS","B+D?","controle; siege; scenographie","Professional study/design/control for public administrative premises; title does not prove major headquarters scale and may concern ordinary local or repair works.","MEDIUM","YES","https://www.marchespublics.gov.ma/index.php?page=entreprise.EntrepriseDetailsConsultation&refConsultation=1043745&orgAcronyme=w7t","2026-10-09 21:04:17.924986+00:00"
"122","1043886","08/CONSA/2026/AREPO","08/CONSA/2026/AREPO - ...","L’ETUDE ARCHITECTURALE, LA CONCEPTION ET LE SUIVI DES TRAVAUX DE LA CONSTRUCTION DU SOUK HEBDOMADAIRE A LA COMMUNE TEMSAMANE – PROVINCE DRIOUCH ...","AGENCE REGIONALE D'EXECUTION DES PROJETS DE L'ORIENTAL      -","Consultation architecturale ouverte","03/11/2026 11:00","FUTURE_UNVERIFIED","Services","AMBIGUOUS","B+C","etude architecturale; suivi; procedure: consultation architecturale ouverte","Professional service with architectural/public-building/landscape context, but heritage status, project scale or appropriate discipline is not established.","MEDIUM","YES","https://www.marchespublics.gov.ma/index.php?page=entreprise.EntrepriseDetailsConsultation&refConsultation=1043886&orgAcronyme=f8y","2026-10-09 21:04:17.924986+00:00"
"143","1043872","07/CONSA/2026/AREPO","07/CONSA/2026/AREPO - ...","L’ETUDE ARCHITECTURALE, LA CONCEPTION ET LE SUIVI DES TRAVAUX DE LA CONSTRUCTION DU SOUK HEBDOMADAIRE A LA COMMUNE FIGUIG – PROVINCE FIGUIG ...","AGENCE REGIONALE D'EXECUTION DES PROJETS DE L'ORIENTAL      -","Consultation architecturale ouverte","03/11/2026 10:00","FUTURE_UNVERIFIED","Services","AMBIGUOUS","B+C","etude architecturale; suivi; procedure: consultation architecturale ouverte","Professional service with architectural/public-building/landscape context, but heritage status, project scale or appropriate discipline is not established.","MEDIUM","YES","https://www.marchespublics.gov.ma/index.php?page=entreprise.EntrepriseDetailsConsultation&refConsultation=1043872&orgAcronyme=f8y","2026-10-09 21:04:17.924986+00:00"
"305","1038727","27/2026/BR","27/2026/BR - ...","Etude architecturale et suivi des travaux d’entretien et de réhabilitation de la salle couverte Kindy-Préfecture d’arrondissement Ben M’sick Casablanca. ...","REGION CASABLANCA-SETTAT      -","Consultation architecturale ouverte","27/10/2026 14:00","FUTURE_UNVERIFIED","Services","AMBIGUOUS","B+C","etude architecturale; suivi; procedure: consultation architecturale ouverte","Architectural service/consultation for an ordinary sport or social facility; no automatic acceptance. Detail must demonstrate strategic scale or heritage relevance.","LOW","YES","https://www.marchespublics.gov.ma/index.php?page=entreprise.EntrepriseDetailsConsultation&refConsultation=1038727&orgAcronyme=a1z","2026-10-09 21:04:17.924986+00:00"
"312","1038710","26/2026/BR","26/2026/BR - ...","Etude architecturale et suivi des travaux d’entretien et de réhabilitation de la salle couverte SBATA-Préfecture d’arrondissement Ben M’sick Casablanca ...","REGION CASABLANCA-SETTAT      -","Consultation architecturale ouverte","27/10/2026 12:00","FUTURE_UNVERIFIED","Services","AMBIGUOUS","B+C","etude architecturale; suivi; procedure: consultation architecturale ouverte","Architectural service/consultation for an ordinary sport or social facility; no automatic acceptance. Detail must demonstrate strategic scale or heritage relevance.","LOW","YES","https://www.marchespublics.gov.ma/index.php?page=entreprise.EntrepriseDetailsConsultation&refConsultation=1038710&orgAcronyme=a1z","2026-10-09 21:04:17.924986+00:00"
"382","1041080","39/RDOE/2026","39/RDOE/2026 - ...","ÉTUDES ARCHITECTURALES ET SUIVI DES TRAVAUX DE CRÉATION D'UNE GARE ROUTIÈRE AU CENTRE DE BIR GANDOUZ ...","REGION de OUED EDDAHAB      -","Consultation architecturale ouverte","27/10/2026 10:30","FUTURE_UNVERIFIED","Services","AMBIGUOUS","B+C","etudes architecturales; suivi; procedure: consultation architecturale ouverte","Professional service with architectural/public-building/landscape context, but heritage status, project scale or appropriate discipline is not established.","MEDIUM","YES","https://www.marchespublics.gov.ma/index.php?page=entreprise.EntrepriseDetailsConsultation&refConsultation=1041080&orgAcronyme=x8h","2026-10-09 21:04:17.924986+00:00"
"523","1040107","43/2026","43/2026 - ...","CONTROLE DES ETUDES ET SUIVI DES TRAVAUX POUR LA CONSTRUCTION DU SIÈGE DE LA DELEGATION PROVINCIALE DE LA SANTÉ ET DE LA PROTECTION SOCIALE DE MIDELT RELEVANT DE LA REGION DRAA TAFILALET ...","DIRECTEUR REGIONAL DE LA SANTE A LA REGION DE DARAA TAFILALET      -","Appel d'offres ouvert","26/10/2026 11:00","FUTURE_UNVERIFIED","Services","AMBIGUOUS","B+D?","suivi; controle; siege","Professional study/design/control for public administrative premises; title does not prove major headquarters scale and may concern ordinary local or repair works.","LOW","YES","https://www.marchespublics.gov.ma/index.php?page=entreprise.EntrepriseDetailsConsultation&refConsultation=1040107&orgAcronyme=q9t","2026-10-09 21:04:17.924986+00:00"
"591","1028216","18/DRAI/MS/BG/2026","18/DRAI/MS/BG/2026 - ...","ÉLABORATION DES ÉTUDES TECHNIQUES ET SUIVI DES TRAVAUX D’AMÉNAGEMENT DES ACCESSIBILITÉS POUR PERSONNES A MOBILITÉ RÉDUITE POUR 19 MOSQUÉES A LA RÉGION DE MARRAKECH – SAFI ...","DELEGUE REGIONAL DES AFFAIRES ISLAMIQUES DE LA REGION MARRAKECH SAFI      -","Appel d'offres ouvert","26/10/2026 10:00","FUTURE_UNVERIFIED","Services","AMBIGUOUS","B+D?","etudes techniques; suivi; mosquees","Professional study/supervision or architectural mission concerning a mosque; historical status is unstated and specialist/control or ordinary repair scope may be outside ARCHERITAGE. Detail required.","LOW","YES","https://www.marchespublics.gov.ma/index.php?page=entreprise.EntrepriseDetailsConsultation&refConsultation=1028216&orgAcronyme=f4g","2026-10-09 21:04:17.924986+00:00"
"681","1040722","32/2026/DRAIRSK/BG","32/2026/DRAIRSK/BG - ...","LE SUIVI ET LE CONTRÔLE DE QUALITÉ DES TRAVAUX DE RENFORCEMENT ET DE RÉHABILITATION DE LA MOSQUÉE OMAR IBNOU EL KHATAB ET SES DÉPENDANCES SISE A SIDI KACEM EN LOT UNIQUE. ...","DELEGUE REGIONAL DES AFFAIRES ISLAMIQUES DE LA REGION RABAT SALE KENITRA      -","Appel d'offres ouvert","23/10/2026 10:00","FUTURE_UNVERIFIED","Services","AMBIGUOUS","B+D?","suivi; controle; mosquee","Professional study/supervision or architectural mission concerning a mosque; historical status is unstated and specialist/control or ordinary repair scope may be outside ARCHERITAGE. Detail required.","LOW","YES","https://www.marchespublics.gov.ma/index.php?page=entreprise.EntrepriseDetailsConsultation&refConsultation=1040722&orgAcronyme=f4g","2026-10-09 21:04:17.924986+00:00"
"825","1042102","02/2026","02/2026 - ...","L’actualisation et l’établissement du plan d’aménagement extra muros de la commune de Taroudannt (province de Taroudannt) ...","AGENCE URBAINE DE TAROUDANNT      -","Appel d'offres ouvert","22/10/2026 10:30","FUTURE_UNVERIFIED","Services","AMBIGUOUS","B","plan d'amenagement","City-scale, coastal-sector or extra-muros planning may involve strategic architecture or historic urban context; title does not establish eligibility.","LOW","YES","https://www.marchespublics.gov.ma/index.php?page=entreprise.EntrepriseDetailsConsultation&refConsultation=1042102&orgAcronyme=j8k","2026-10-09 21:04:17.924986+00:00"
"878","1044268","CA02/RRE/2026","CA02/RRE/2026 - ...","ÉTUDES URBANISTIQUES ET ARCHITECTURALES RELATIVES À L’EXTENSION DU PARC INDUSTRIEL D’AIN JOHRA, SITUÉE DANS LA COMMUNE D’AIN JOHRA – SIDI BOUKHELKHAL, PROVINCE DE KHÉMISSET ...","SOCIETE RABAT REGION EMERGENCE      -","Consultation architecturale ouverte","22/10/2026 10:00","FUTURE_UNVERIFIED","Services","AMBIGUOUS","B+C","procedure: consultation architecturale ouverte","Professional service with architectural/public-building/landscape context, but heritage status, project scale or appropriate discipline is not established.","MEDIUM","YES","https://www.marchespublics.gov.ma/index.php?page=entreprise.EntrepriseDetailsConsultation&refConsultation=1044268&orgAcronyme=g3h","2026-10-09 21:04:17.924986+00:00"
"900","1041972","02/CA.BG/2026","02/CA.BG/2026 - ...","LES ETUDES ET LA CONCEPTION ARCHITECTURALE ET LE SUIVI DES TRAVAUX DU PROJET DE CONSTRUCTION DE (10) DIX TERRAINS DE SPORT EN GAZON SYNTHETIQUE AUX COMMUNES DE BIOUGRA, SIDI BIBI, MASSA, SIDI OUASSAY, SIDI BOUSHAB, OUED ESSAFA, ...","DIRECTION PROVINCIALE DE L’EDUCATION NATIONALE DE CHTOUKA AIT BAHA      -","Consultation architecturale ouverte","22/10/2026 10:00","FUTURE_UNVERIFIED","Services","AMBIGUOUS","B+C","suivi; conception architecturale; procedure: consultation architecturale ouverte","Architectural service/consultation for an ordinary sport or social facility; no automatic acceptance. Detail must demonstrate strategic scale or heritage relevance.","LOW","YES","https://www.marchespublics.gov.ma/index.php?page=entreprise.EntrepriseDetailsConsultation&refConsultation=1041972&orgAcronyme=p8x","2026-10-09 21:04:17.924986+00:00"
"904","1044189","05/BET/UCD/2026","05/BET/UCD/2026 - ...","ETUDES TECHNIQUES ET SUIVI DES TRAVAUX DE DEMOLITION D’UN BATIMENT EXISTANT ET CONSTRUCTION DU PROJET DU CENTRE UNIVERSITAIRE D’INFORMATION, D’ACCUEIL ET D’ORIENTATION, CUIAO/CARRER CENTER D’EL JADIDA EN LOT UNIQUE ...","PRESIDENT DE L'UNIVERSITE CHOUAIB DOUKKALI      -","Appel d'offres ouvert","22/10/2026 10:00","FUTURE_UNVERIFIED","Services","AMBIGUOUS","B+D?","etudes techniques; suivi; universitaire","Professional design/study/control at a university or higher-education site; title concerns a limited building/extension rather than proving a major campus commission.","MEDIUM","YES","https://www.marchespublics.gov.ma/index.php?page=entreprise.EntrepriseDetailsConsultation&refConsultation=1044189&orgAcronyme=z7x","2026-10-09 21:04:17.924986+00:00"
"966","1043781","04/2026","04/2026 - ...","L’élaboration de la charte architecturale et paysagère de la ville D’es-Smara ...","AGENCE URBAINE DE LAAYOUNE      -","Appel d'offres ouvert","22/10/2026 09:30","FUTURE_UNVERIFIED","Services","AMBIGUOUS","B","charte architecturale","Architectural, urbanistic or landscape charter for the named territory; professional scope is clear but heritage/major-project relevance is not.","LOW","YES","https://www.marchespublics.gov.ma/index.php?page=entreprise.EntrepriseDetailsConsultation&refConsultation=1043781&orgAcronyme=j8k","2026-10-09 21:04:17.924986+00:00"
"967","1044187","03/BCT/UCD/2026","03/BCT/UCD/2026 - ...","CONTROLE ET OPTIMISATION DES ETUDES TECHNIQUES ET CONTROLE DES TRAVAUX DE DEMOLITION D’UN BATIMENT EXISTANT ET CONSTRUCTION DU PROJET DU CENTRE UNIVERSITAIRE D’INFORMATION, D’ACCUEIL ET D’ORIENTATION, DU CUIAO/CARRER ...","PRESIDENT DE L'UNIVERSITE CHOUAIB DOUKKALI      -","Appel d'offres ouvert","22/10/2026 09:30","FUTURE_UNVERIFIED","Services","AMBIGUOUS","B+D?","etudes techniques; controle; universitaire","Professional design/study/control at a university or higher-education site; title concerns a limited building/extension rather than proving a major campus commission.","MEDIUM","YES","https://www.marchespublics.gov.ma/index.php?page=entreprise.EntrepriseDetailsConsultation&refConsultation=1044187&orgAcronyme=z7x","2026-10-09 21:04:17.924986+00:00"
"1071","1042909","CA/02/2026/PUSMS","CA/02/2026/PUSMS - ...","L’étude, la conception architecturale et le suivi des travaux de construction d’Une Scolarité et des Bureaux des Professeurs à l’École Supérieure de l’Éducation et de la Formation de Béni Mellal. En Lot unique. ...","PRESIDENCE DE L'UNIVERSITE SULTAN MOULAY SLIMANE      -","Consultation architecturale ouverte","21/10/2026 10:00","FUTURE_UNVERIFIED","Services","AMBIGUOUS","B+C","suivi; conception architecturale; procedure: consultation architecturale ouverte","Professional design/study/control at a university or higher-education site; title concerns a limited building/extension rather than proving a major campus commission.","LOW","YES","https://www.marchespublics.gov.ma/index.php?page=entreprise.EntrepriseDetailsConsultation&refConsultation=1042909&orgAcronyme=z7x","2026-10-09 21:04:17.924986+00:00"
"1082","1039143","21/DRAI/MS/BG/2026","21/DRAI/MS/BG/2026 - ...","ETUDES GÉOTECHNIQUES RELATIVES AUX TRAVAUX DE RECONSTRUCTION DE DEUX MOSQUÉES DANS LA REGION DE MARRAKECH-SAFI ...","DELEGUE REGIONAL DES AFFAIRES ISLAMIQUES DE LA REGION MARRAKECH SAFI      -","Appel d'offres ouvert","21/10/2026 10:00","FUTURE_UNVERIFIED","Services","AMBIGUOUS","B+D?","mosquees","Professional study/supervision or architectural mission concerning a mosque; historical status is unstated and specialist/control or ordinary repair scope may be outside ARCHERITAGE. Detail required.","LOW","YES","https://www.marchespublics.gov.ma/index.php?page=entreprise.EntrepriseDetailsConsultation&refConsultation=1039143&orgAcronyme=f4g","2026-10-09 21:04:17.924986+00:00"
"1180","1038336","05/2026/Y/SP","05/2026/Y/SP - ...","ETUDES ARCHITECTURALES ET SUIVI DES TRAVAUX DE CREATION DE VINGT DEUX TERRAINS DE SPORT EN GAZON SYNTHETIQUE AUX COMMUNES TERRITORIALES YOUSSOUFIA, CHEMAIA, EL GANTOUR, SBIAT, LAKHOUALKA, RAS EL AIN, TIAMIM, JDOUR, SIDI CHIKER, ...","DIRECTION PROVINCIALE DE L’EDUCATION NATIONALE DE DE YOUSSOUFIA      -","Consultation architecturale ouverte","20/10/2026 11:00","FUTURE_UNVERIFIED","Services","AMBIGUOUS","B+C","etudes architecturales; suivi; procedure: consultation architecturale ouverte","Architectural service/consultation for an ordinary sport or social facility; no automatic acceptance. Detail must demonstrate strategic scale or heritage relevance.","LOW","YES","https://www.marchespublics.gov.ma/index.php?page=entreprise.EntrepriseDetailsConsultation&refConsultation=1038336&orgAcronyme=p8x","2026-10-09 21:04:17.924986+00:00"
"1203","1040556","01/26/SS","01/26/SS - ...","Etude architecturale et le suivi des travaux de construction d’une salle multisports couverte à la commune SIDI SMAIL ...","Commune rurale de SIDI SMAIL      -","Consultation architecturale ouverte","20/10/2026 11:00","FUTURE_UNVERIFIED","Services","AMBIGUOUS","B+C","etude architecturale; suivi; procedure: consultation architecturale ouverte","Architectural service/consultation for an ordinary sport or social facility; no automatic acceptance. Detail must demonstrate strategic scale or heritage relevance.","LOW","YES","https://www.marchespublics.gov.ma/index.php?page=entreprise.EntrepriseDetailsConsultation&refConsultation=1040556&orgAcronyme=p1v","2026-10-09 21:04:17.924986+00:00"
"1208","1043326","03/2026/DRANEFMS/DPANEF_EKS","03/2026/DRANEFMS/DPANEF_EKS - ...","La réalisation d’une étude de requalification et de mise à niveau du Site Récréatif Saguia Yaagoubia, avec assistance à la maîtrise d’œuvre, comprenant la restructuration des aménagements existants et la conception ...","DIRECTION REGIONALE DE L'AGENCE NATIONALE DES EAUX ET FORETS MARRAKECH-SAFI      -","Appel d'offres ouvert","20/10/2026 11:00","FUTURE_UNVERIFIED","Services","AMBIGUOUS","B+D?","","Professional study/design or project assistance for a recreational/socio-educational site; architectural scale and heritage context need confirmation.","LOW","YES","https://www.marchespublics.gov.ma/index.php?page=entreprise.EntrepriseDetailsConsultation&refConsultation=1043326&orgAcronyme=w7t","2026-10-09 21:04:17.924986+00:00"
"1280","1035747","16/DAR/2026","16/DAR/2026 - ...","Etude et Assistance technique pour le suivi et la coordination des actions des acteurs, dans le cadre de la convention d’aménagement et de réhabilitation des oasis de Zagora 2026-2029, Province de Zagora. ...","GOUVERNEUR DE ZAGOURA      -","Appel d'offres ouvert","20/10/2026 10:00","FUTURE_UNVERIFIED","Services","AMBIGUOUS","B","suivi","Professional service with architectural/public-building/landscape context, but heritage status, project scale or appropriate discipline is not established.","LOW","YES","https://www.marchespublics.gov.ma/index.php?page=entreprise.EntrepriseDetailsConsultation&refConsultation=1035747&orgAcronyme=g3h","2026-10-09 21:04:17.924986+00:00"
"1332","1040903","PX3129940/2026/DXR","PX3129940/2026/DXR - ...","l’assistance technique pour l’expertise de réhabilitation de l’usine Kasba Zidania. ...","OFFICE NATIONALE DE L'ELECTRICITE ET DE L'EAU POTABLE - BRANCHE ELECTRICITE      -","Appel d'offres ouvert","20/10/2026 10:00","FUTURE_UNVERIFIED","Services","AMBIGUOUS","B","","Professional service with architectural/public-building/landscape context, but heritage status, project scale or appropriate discipline is not established.","LOW","YES","https://www.marchespublics.gov.ma/index.php?page=entreprise.EntrepriseDetailsConsultation&refConsultation=1040903&orgAcronyme=d4q","2026-10-09 21:04:17.924986+00:00"
"1438","1043177","CA/01/2026/ANRUR","CA/01/2026/ANRUR - ...","l’Etude architecturale et suivi des travaux de construction d’une annexe du centre de la femme et de l’enfant, inscrite dans le cadre du Plan de Rénovation Urbaine du quartier Akachmir sis à la Commune d’El Hajeb - ...","Agence Nationale pour la Rénovation Urbaine et la Réhabilitation des Bâtiments Menaçant Ruine      -","Consultation architecturale ouverte","19/10/2026 11:00","FUTURE_UNVERIFIED","Services","AMBIGUOUS","B+C","etude architecturale; suivi; procedure: consultation architecturale ouverte","Professional service with architectural/public-building/landscape context, but heritage status, project scale or appropriate discipline is not established.","MEDIUM","YES","https://www.marchespublics.gov.ma/index.php?page=entreprise.EntrepriseDetailsConsultation&refConsultation=1043177&orgAcronyme=j8k","2026-10-09 21:04:17.924986+00:00"
"1452","1038859","06/2026/D.R.L","06/2026/D.R.L - ...","ETUDES ARCHITECTURALES ET SUIVI DES TRAVAUX DE RECONSTRUCTION DE LA MAISON DE JEUNES AL MADINA A LA VILLE DE BOUJDOUR-PROVINCE DE BOUJDOUR. ...","DIRECTEUR REGIONAL DU MINISTERE DE LA JEUNESSE ET DES SPORTS REGION LAAYOUNE - SAKIA HAMRA      -","Consultation architecturale ouverte","19/10/2026 10:30","FUTURE_UNVERIFIED","Services","AMBIGUOUS","B+C","etudes architecturales; suivi; procedure: consultation architecturale ouverte","Architectural service/consultation for an ordinary sport or social facility; no automatic acceptance. Detail must demonstrate strategic scale or heritage relevance.","LOW","YES","https://www.marchespublics.gov.ma/index.php?page=entreprise.EntrepriseDetailsConsultation&refConsultation=1038859&orgAcronyme=s3d","2026-10-09 21:04:17.924986+00:00"
"1498","1043191","07/2026/DRAI/BH","07/2026/DRAI/BH - ...","L’ELABORATION DES ETUDES TECHNIQUES ET SUIVI DES TRAVAUX DE REFECTION ET DE REHABILITATION DE LA MOSQUEE CENTRALE IDA OUGUENIDIF COMMUNE IDA OUGUENIDIF A CHTOUKA AIT BAHA, lot unique ...","DELEGUE REGIONAL DES AFFAIRES ISLAMIQUES DE LA REGION SOUS-MASSA      -","Appel d'offres ouvert","19/10/2026 10:00","FUTURE_UNVERIFIED","Services","AMBIGUOUS","B+D?","etudes techniques; suivi; mosquee","Professional study/supervision or architectural mission concerning a mosque; historical status is unstated and specialist/control or ordinary repair scope may be outside ARCHERITAGE. Detail required.","LOW","YES","https://www.marchespublics.gov.ma/index.php?page=entreprise.EntrepriseDetailsConsultation&refConsultation=1043191&orgAcronyme=f4g","2026-10-09 21:04:17.924986+00:00"
"1598","1042011","12/AURS/2026","12/AURS/2026 - ...","l’élaboration du plan d’aménagement sectoriel (pas) de la zone littorale des communes d’Ameur et de sidi Abi al Kanadil ...","AGENCE URBAINE DE RABAT-SALE      -","Appel d'offres ouvert","16/10/2026 10:00","FUTURE_UNVERIFIED","Services","AMBIGUOUS","B","plan d'amenagement","City-scale, coastal-sector or extra-muros planning may involve strategic architecture or historic urban context; title does not establish eligibility.","LOW","YES","https://www.marchespublics.gov.ma/index.php?page=entreprise.EntrepriseDetailsConsultation&refConsultation=1042011&orgAcronyme=j8k","2026-10-09 21:04:17.924986+00:00"
"1636","1040968","15/AUKSS/2026","15/AUKSS/2026 - ...","Etude d’élaboration de la Charte Architecturale, Urbanistique et Paysagère dématérialisée du centre émergent de Lalla Yettou relevant de la commune de Kceibya (lot unique). ...","AGENCE URBAINE DE KENITRA-SIDI KACEM      -","Appel d'offres ouvert","15/10/2026 12:00","FUTURE_UNVERIFIED","Services","AMBIGUOUS","B","charte architecturale","Architectural, urbanistic or landscape charter for the named territory; professional scope is clear but heritage/major-project relevance is not.","LOW","YES","https://www.marchespublics.gov.ma/index.php?page=entreprise.EntrepriseDetailsConsultation&refConsultation=1040968&orgAcronyme=j8k","2026-10-09 21:04:17.924986+00:00"
"1653","1032046","47/2026","47/2026 - ...","ETUDE GEOTECHNIQUE, HYDROGEOLOGIQUE ET CONTROLE DE LA QUALITE DES TRAVAUX DE RECONSTRUCTION DU CENTRE HOSPITALIER REGIONAL DE SOUSS MASSA- AGADIR. ...","DIRECTION REGIONALE DE L'AGENCE NATIONALE DES EQUIPEMENTS PUBLICS DU SUD      -","Appel d'offres ouvert","15/10/2026 11:00","FUTURE_UNVERIFIED","Services","AMBIGUOUS","B+D?","controle; centre hospitalier regional","Professional technical study/control at a hospital; regional reconstruction specialist scope or limited extension/interior works requires discipline and scale verification.","MEDIUM","YES","https://www.marchespublics.gov.ma/index.php?page=entreprise.EntrepriseDetailsConsultation&refConsultation=1032046&orgAcronyme=o8p","2026-10-09 21:04:17.924986+00:00"
"1664","1040233","59/2026/BG","59/2026/BG - ...","LA RÉALISATION DES ÉTUDES ARCHITECTURALES ET LE SUIVI DES TRAVAUX DE CONSTRUCTION DU SIEGE DE LA CAIDAT TATOFT A LA COMMUNE DE TATOFT A LA PROVINCE DE LARACHE. ...","GOUVERNEUR DE LA PROVINCE DE LARACHE      -","Consultation architecturale ouverte","15/10/2026 11:00","FUTURE_UNVERIFIED","Services","AMBIGUOUS","B+C+D?","etudes architecturales; suivi; siege; procedure: consultation architecturale ouverte","Professional study/design/control for public administrative premises; title does not prove major headquarters scale and may concern ordinary local or repair works.","LOW","YES","https://www.marchespublics.gov.ma/index.php?page=entreprise.EntrepriseDetailsConsultation&refConsultation=1040233&orgAcronyme=g3h","2026-10-09 21:04:17.924986+00:00"
"1685","1040954","14/AUKSS/2026","14/AUKSS/2026 - ...","Etude d’élaboration de la Charte Architecturale, Urbanistique et Paysagère dématérialisée du centre émergent de Sidi Taibi (lot unique). ...","AGENCE URBAINE DE KENITRA-SIDI KACEM      -","Appel d'offres ouvert","15/10/2026 11:00","FUTURE_UNVERIFIED","Services","AMBIGUOUS","B","charte architecturale","Architectural, urbanistic or landscape charter for the named territory; professional scope is clear but heritage/major-project relevance is not.","LOW","YES","https://www.marchespublics.gov.ma/index.php?page=entreprise.EntrepriseDetailsConsultation&refConsultation=1040954&orgAcronyme=j8k","2026-10-09 21:04:17.924986+00:00"
"1795","1041799","04/AUM/2026/ANEPMS","04/AUM/2026/ANEPMS - ...","RECEPTION DE FONDS DE FOUILLES ET CONTROLE DE LA QUALITE DES TRAVAUX DE CONSTRUCTION DU NOUVEAU SIEGE DE L’AGENCE URBAINE DE MARRAKECH ...","DIRECTION REGIONALE DE L'AGENCE NATIONALE DES EQUIPEMENTS PUBLICS DE MARRAKECH - SAFI      -","Appel d'offres ouvert","15/10/2026 10:00","FUTURE_UNVERIFIED","Services","AMBIGUOUS","B+D?","controle; siege","Professional study/design/control for public administrative premises; title does not prove major headquarters scale and may concern ordinary local or repair works.","MEDIUM","YES","https://www.marchespublics.gov.ma/index.php?page=entreprise.EntrepriseDetailsConsultation&refConsultation=1041799&orgAcronyme=o8p","2026-10-09 21:04:17.924986+00:00"
"1859","1043020","01/CA/2026/CCisfm","01/CA/2026/CCisfm - ...","Etude architecturale et suivi des travaux d’aménagement du Centre Multiservices de la Zone Industrielle Ain Chkef. ...","CHAMBRE DE COMMERCE D'INDUSTRIE ET DE SERVICES DE LA REGION DE FES - MEKNES      -","Consultation architecturale ouverte simplifiée","15/10/2026 10:00","FUTURE_UNVERIFIED","Services","AMBIGUOUS","B+C","etude architecturale; suivi; procedure: consultation architecturale ouverte simplifiee","Professional service with architectural/public-building/landscape context, but heritage status, project scale or appropriate discipline is not established.","MEDIUM","YES","https://www.marchespublics.gov.ma/index.php?page=entreprise.EntrepriseDetailsConsultation&refConsultation=1043020&orgAcronyme=m1w","2026-10-09 21:04:17.924986+00:00"
"1861","1040937","13/AUKSS/2026","13/AUKSS/2026 - ...","Etude d’élaboration de la Charte Architecturale, Urbanistique et Paysagère dématérialisée du centre émergent de Zirara (lot unique). ...","AGENCE URBAINE DE KENITRA-SIDI KACEM      -","Appel d'offres ouvert","15/10/2026 10:00","FUTURE_UNVERIFIED","Services","AMBIGUOUS","B","charte architecturale","Architectural, urbanistic or landscape charter for the named territory; professional scope is clear but heritage/major-project relevance is not.","LOW","YES","https://www.marchespublics.gov.ma/index.php?page=entreprise.EntrepriseDetailsConsultation&refConsultation=1040937&orgAcronyme=j8k","2026-10-09 21:04:17.924986+00:00"
"1875","1041797","02/2026/CMR","02/2026/CMR - ...","consultation architecturale relative à études et suivi des travaux de construction d’un piscine communale au centre de la commune territoriale de Masmouda ...","Commune rurale de MASMOUDA      -","Consultation architecturale ouverte","15/10/2026 10:00","FUTURE_UNVERIFIED","Services","AMBIGUOUS","B+C","suivi; procedure: consultation architecturale ouverte","Architectural service/consultation for an ordinary sport or social facility; no automatic acceptance. Detail must demonstrate strategic scale or heritage relevance.","LOW","YES","https://www.marchespublics.gov.ma/index.php?page=entreprise.EntrepriseDetailsConsultation&refConsultation=1041797&orgAcronyme=i1t","2026-10-09 21:04:17.924986+00:00"
"1968","1041446","05/2026/ASBMS","05/2026/ASBMS - ...","ELABORATION DES ETUDES TECHNIQUES ET SUIVI DES TRAVAUX DE RECONSTRUCTION DE DEUX UNITES SCOLAIRES MODULAIRES DES DOUARS TOUNKSIF ET TOUG EL KHIR ET D’UNE UNITE SCOLAIRE DEFINITIVE DU DOUAR TIGHZA ET DE CINQ MOSQUEES DES DOUARS ...","CHEF D'AMÉNAGEMENT DE LA SURELEVATION DU BARRAGE MOKHTAR SOUSSI      -","Appel d'offres ouvert","14/10/2026 11:00","FUTURE_UNVERIFIED","Services","AMBIGUOUS","B+D?","etudes techniques; suivi; mosquees","Professional study/supervision or architectural mission concerning a mosque; historical status is unstated and specialist/control or ordinary repair scope may be outside ARCHERITAGE. Detail required.","LOW","YES","https://www.marchespublics.gov.ma/index.php?page=entreprise.EntrepriseDetailsConsultation&refConsultation=1041446&orgAcronyme=o8p","2026-10-09 21:04:17.924986+00:00"
"2092","1036136","12/DRJCS/2026","12/DRJCS/2026 - ...","CONTROLE ET OPTIMISATION DES ETUDES TECHNIQUES ET SUIVI DES TRAVAUX DE CONSTRUCTION D’UN COMPLEXE SOCIO EDUCATIF A LA PREFECTURE DES ARRONDISSEMENTS DE MOULAY RACHID. ...","DELEGUE PREFECTORAL DE LA JEUNESSE ET DES SPORTS - PREFECTURE D'ARRONDISSEMENT CASA ANFA      -","Appel d'offres ouvert simplifié","14/10/2026 10:00","FUTURE_UNVERIFIED","Services","AMBIGUOUS","B+D?","etudes techniques; suivi; controle","Professional service with architectural/public-building/landscape context, but heritage status, project scale or appropriate discipline is not established.","MEDIUM","YES","https://www.marchespublics.gov.ma/index.php?page=entreprise.EntrepriseDetailsConsultation&refConsultation=1036136&orgAcronyme=s3d","2026-10-09 21:04:17.924986+00:00"
"2095","1039354","26/DRAI/BG/2026","26/DRAI/BG/2026 - ...","L’ELABORATION DES ETUDES TECHNIQUES ET SUIVI DES TRAVAUX DE REFECTION ET DE REHABILITATION DE CINQ (05) MOSQUEES DANS LA PREFECTURE DE MEKNES REGION DE FES MEKNES ...","DELEGUATION REGIONALE DES AFFAIRES ISLAMIQUES DE LA REGION FES-MEKNES      -","Appel d'offres ouvert","14/10/2026 10:00","FUTURE_UNVERIFIED","Services","AMBIGUOUS","B+D?","etudes techniques; suivi; mosquees","Professional study/supervision or architectural mission concerning a mosque; historical status is unstated and specialist/control or ordinary repair scope may be outside ARCHERITAGE. Detail required.","LOW","YES","https://www.marchespublics.gov.ma/index.php?page=entreprise.EntrepriseDetailsConsultation&refConsultation=1039354&orgAcronyme=f4g","2026-10-09 21:04:17.924986+00:00"
"2369","1035554","12/PK/BG/2026","12/PK/BG/2026 - ...","contrôle technique des études et suivi des travaux de construction du Siège du District Assam A Kenitra Province De Kenitra. ...","GOUVERNEUR PROVINCIAL DE KENITRA      -","Appel d'offres ouvert","13/10/2026 10:00","FUTURE_UNVERIFIED","Services","AMBIGUOUS","B+D?","suivi; controle; siege","Professional study/design/control for public administrative premises; title does not prove major headquarters scale and may concern ordinary local or repair works.","LOW","YES","https://www.marchespublics.gov.ma/index.php?page=entreprise.EntrepriseDetailsConsultation&refConsultation=1035554&orgAcronyme=g3h","2026-10-09 21:04:17.924986+00:00"
"2417","1043973","10/DRJCS/2026","10/DRJCS/2026 - ...","ELABORATION DES ETUDES TECHNIQUES ET SUIVI DES TRAVAUX DE CONSTRUCTION D’UN COMPLEXE SOCIO EDUCATIF A LA PREFECTURE DES ARRONDISSEMENTS DE MOULAY RACHID. ...","DELEGUE PREFECTORAL DE LA JEUNESSE ET DES SPORTS - PREFECTURE D'ARRONDISSEMENT CASA ANFA      -","Appel d'offres ouvert simplifié","13/10/2026 10:00","FUTURE_UNVERIFIED","Services","AMBIGUOUS","B+D?","etudes techniques; suivi","Professional service with architectural/public-building/landscape context, but heritage status, project scale or appropriate discipline is not established.","MEDIUM","YES","https://www.marchespublics.gov.ma/index.php?page=entreprise.EntrepriseDetailsConsultation&refConsultation=1043973&orgAcronyme=s3d","2026-10-09 21:04:17.924986+00:00"
"2422","1038657","08/AUKSS/2026","08/AUKSS/2026 - ...","Etude d’élaboration du plan d’aménagement de la ville de Mechra Bel Ksiri (lot unique). ...","AGENCE URBAINE DE KENITRA-SIDI KACEM      -","Appel d'offres ouvert","13/10/2026 10:00","FUTURE_UNVERIFIED","Services","AMBIGUOUS","B","plan d'amenagement","City-scale, coastal-sector or extra-muros planning may involve strategic architecture or historic urban context; title does not establish eligibility.","LOW","YES","https://www.marchespublics.gov.ma/index.php?page=entreprise.EntrepriseDetailsConsultation&refConsultation=1038657&orgAcronyme=j8k","2026-10-09 21:04:17.924986+00:00"
"2516","1038281","43/SMTF/DM/BG/2026","43/SMTF/DM/BG/2026 - ...","LE SUIVI ET LE CONTROLE DE QUALITE DES TRAVAUX DE REFECTION DE LA MOSQUEE AL MOHAMMADI ET SES DEPENDANCES A CASABLANCA, EN LOT UNIQUE ...","Direction des Mosquées      -","Appel d'offres ouvert","12/10/2026 14:00","FUTURE_UNVERIFIED","Services","AMBIGUOUS","B+D?","suivi; controle; mosquee","Professional study/supervision or architectural mission concerning a mosque; historical status is unstated and specialist/control or ordinary repair scope may be outside ARCHERITAGE. Detail required.","LOW","YES","https://www.marchespublics.gov.ma/index.php?page=entreprise.EntrepriseDetailsConsultation&refConsultation=1038281&orgAcronyme=f4g","2026-10-09 21:04:17.924986+00:00"
"2518","1041232","16/DRSM/FSSH/2026","16/DRSM/FSSH/2026 - ...","LA RECEPTION DES FONDS DE FOUILLES, SUIVI ET CONTROLE DE QUALITE DES TRAVAUX DE RESTAURATION DE LA MOSQUEE TAGADIRT NDOUSAROU COMMUNE TIOUT ENDOMMAGEE PAR LE SEISME D’AL HAOUZ DANS LA PROVINCE DE TAROUDANT, en lot unique ...","DELEGUE REGIONAL DES AFFAIRES ISLAMIQUES DE LA REGION SOUS-MASSA      -","Appel d'offres ouvert","12/10/2026 14:00","FUTURE_UNVERIFIED","Services","AMBIGUOUS","B+D?","suivi; controle; mosquee","Professional study/supervision or architectural mission concerning a mosque; historical status is unstated and specialist/control or ordinary repair scope may be outside ARCHERITAGE. Detail required.","LOW","YES","https://www.marchespublics.gov.ma/index.php?page=entreprise.EntrepriseDetailsConsultation&refConsultation=1041232&orgAcronyme=f4g","2026-10-09 21:04:17.924986+00:00"
"2647","1040870","27/PB/DE/BG/2026","27/PB/DE/BG/2026 - ...","L’ELABORATION DES ÉTUDES TECHNIQUES ET LE SUIVI DES TRAVAUX DE TRAITEMENT DES JOINTS DE DILATATION AU NIVEAU DU BATIMENT SIEGE DE LA PROVINCE DE BOULEMANE ...","GOUVERNEUR DE BOULMANE      -","Appel d'offres ouvert simplifié","12/10/2026 10:00","FUTURE_UNVERIFIED","Services","AMBIGUOUS","B+D?","etudes techniques; suivi; siege","Professional study/design/control for public administrative premises; title does not prove major headquarters scale and may concern ordinary local or repair works.","LOW","YES","https://www.marchespublics.gov.ma/index.php?page=entreprise.EntrepriseDetailsConsultation&refConsultation=1040870&orgAcronyme=g3h","2026-10-09 21:04:17.924986+00:00"
"2708","1020736","14/CPTT/2026","14/CPTT/2026 - ...","Etude architecturale et suivi des travaux de construction de deux terrains de proximité à la ville d’EL OUATIA. ...","Province de TAN-TAN      -","Appel d'offres ouvert","12/10/2026 10:00","FUTURE_UNVERIFIED","Services","AMBIGUOUS","B","etude architecturale; suivi","Architectural service/consultation for an ordinary sport or social facility; no automatic acceptance. Detail must demonstrate strategic scale or heritage relevance.","LOW","YES","https://www.marchespublics.gov.ma/index.php?page=entreprise.EntrepriseDetailsConsultation&refConsultation=1020736&orgAcronyme=m8x","2026-10-09 21:04:17.924986+00:00"
"2784","1040257","05/2026/Larache.","05/2026/Larache. - ...","ÉTUDES ARCHITECTURALES ET SUIVI DES TRAVAUX DE CONSTRUCTION D’UN CENTRE DU JOUR POUR PERSONNES AGÉES ET RETRAITÉES À LARACHE RELEVANT DE LA DIRECTION REGIONALE DE L’ENTRAIDE NATIONALE DE LA REGION DE TANGER TETOUAN AL ...","ENTRAIDE NATIONALE      -","Consultation architecturale ouverte","09/10/2026 11:00","TODAY_UNVERIFIED","Services","AMBIGUOUS","B+C","etudes architecturales; suivi; procedure: consultation architecturale ouverte","Professional service with architectural/public-building/landscape context, but heritage status, project scale or appropriate discipline is not established.","MEDIUM","YES","https://www.marchespublics.gov.ma/index.php?page=entreprise.EntrepriseDetailsConsultation&refConsultation=1040257&orgAcronyme=y5l","2026-10-09 21:04:17.924986+00:00"
"2853","1038063","41/SMTF/DM/BG/2026","41/SMTF/DM/BG/2026 - ...","LA RECEPTION DES FONDS DE FOUILLES, SUIVI ET CONTROLE DE QUALITE DES TRAVAUX DE RECONSTRUCTION DE LA MOSQUEE AL QODS ET SES DEPENDANCES PROVINCE DE JERADA, EN LOT UNIQUE ...","Direction des Mosquées      -","Appel d'offres ouvert","08/10/2026 14:30","EXPIRED","Services","AMBIGUOUS","B+D?","suivi; controle; mosquee","Professional study/supervision or architectural mission concerning a mosque; historical status is unstated and specialist/control or ordinary repair scope may be outside ARCHERITAGE. Detail required.","LOW","YES","https://www.marchespublics.gov.ma/index.php?page=entreprise.EntrepriseDetailsConsultation&refConsultation=1038063&orgAcronyme=f4g","2026-10-09 21:04:17.924986+00:00"
"2863","1040355","44/2026/ADERFES","44/2026/ADERFES - ...","Prestations topographiques relatives à l’amélioration des circuits touristiques au sein de la médina de Meknès - circuit ancienne médina - Tronçon : Rue Dar Smen – Rue Rouamzine, en lot unique ...","AGENCE POUR LE DEVELOPPEMENT ET LA REHABILITATION DE LA VILLE DE FES      -","Appel d'offres ouvert","08/10/2026 12:30","EXPIRED","Services","AMBIGUOUS","A+B","ancienne medina; medina","Topographic professional service inside an explicitly old-medina tourism circuit; architectural/conservation contribution is uncertain, so retain for detail rather than reject unrelated topography.","MEDIUM","YES","https://www.marchespublics.gov.ma/index.php?page=entreprise.EntrepriseDetailsConsultation&refConsultation=1040355&orgAcronyme=g3h","2026-10-09 21:04:17.924986+00:00"
"2878","1029607","23/2026/CAR/CAM","23/2026/CAR/CAM - ...","Etude Architecturale Conception Et Suivi Des Travaux De Construction De La Maison Du Quartier Touhamou A La Commune Ait Melloul –Prefecture Inzegane/Ait Melloul ...","Commune urbaine de AIT MELLOUL      -","Consultation architecturale ouverte","08/10/2026 11:30","EXPIRED","Services","AMBIGUOUS","B+C","etude architecturale; suivi; procedure: consultation architecturale ouverte","Architectural service/consultation for an ordinary sport or social facility; no automatic acceptance. Detail must demonstrate strategic scale or heritage relevance.","LOW","YES","https://www.marchespublics.gov.ma/index.php?page=entreprise.EntrepriseDetailsConsultation&refConsultation=1029607&orgAcronyme=f9f","2026-10-09 21:04:17.924986+00:00"
"2885","1040351","43/2026/ADERFES","43/2026/ADERFES - ...","Contrôle de la qualité et suivi des travaux d’amélioration des circuits touristiques au sein de la médina de Meknès - circuit ancienne médina - Tronçon : Rue Dar Smen – Rue Rouamzine, en lot unique. ...","AGENCE POUR LE DEVELOPPEMENT ET LA REHABILITATION DE LA VILLE DE FES      -","Appel d'offres ouvert","08/10/2026 11:30","EXPIRED","Services","AMBIGUOUS","A+B","ancienne medina; medina; suivi; controle","Heritage place plus specialist topographic/quality-control service; confirm built conservation/design role rather than narrow engineering only.","MEDIUM","YES","https://www.marchespublics.gov.ma/index.php?page=entreprise.EntrepriseDetailsConsultation&refConsultation=1040351&orgAcronyme=g3h","2026-10-09 21:04:17.924986+00:00"
"2892","1038026","CA10/2026/APDN","CA10/2026/APDN - ...","ETUDE ARCHITECTURALE ET LE SUIVI DU PROJET DE CONSTRUCTION DE DAR TALIB ET TALIBA ASSEBBAB PROVINCE DE GUERCIF ...","AGENCE POUR LA PROMOTION ET LE DEVELOPPEMENT ECONOMIQUE ET SOCIAL DES PREFECTURES ET PROVINCES DU NORD DU ROYAUME      -","Consultation architecturale ouverte","08/10/2026 11:00","EXPIRED","Services","AMBIGUOUS","B+C","etude architecturale; suivi; procedure: consultation architecturale ouverte","Architectural service/consultation for an ordinary sport or social facility; no automatic acceptance. Detail must demonstrate strategic scale or heritage relevance.","LOW","YES","https://www.marchespublics.gov.ma/index.php?page=entreprise.EntrepriseDetailsConsultation&refConsultation=1038026&orgAcronyme=a1t","2026-10-09 21:04:17.924986+00:00"
"2954","1039992","03/2026","03/2026 - ...","ETUDE ARCHITECTURALE ET LE SUIVI DES TRAVAUX DE CONSTRUCTION DES MAGASINS AU SOUK HAD IMOULASS PROVINCE DE TAROUDANT ...","C.T. IMOULASS      -","Consultation architecturale ouverte","08/10/2026 11:00","EXPIRED","Services","AMBIGUOUS","B+C","etude architecturale; suivi; procedure: consultation architecturale ouverte","Professional service with architectural/public-building/landscape context, but heritage status, project scale or appropriate discipline is not established.","MEDIUM","YES","https://www.marchespublics.gov.ma/index.php?page=entreprise.EntrepriseDetailsConsultation&refConsultation=1039992&orgAcronyme=f9f","2026-10-09 21:04:17.924986+00:00"
"3030","1039330","40/2026/CHM6M","40/2026/CHM6M - ...","la réalisation des études techniques et le suivi des travaux de construction d’espace d’accueil aux urgences de l’hôpital Ar-razi relevant du Centre Hospitalo-Universitaire Mohammed VI à Marrakech. ...","CENTRE HOSPITALIER UNIVERSITAIRE MOHAMMED VI - MARRAKECH      -","Appel d'offres ouvert","08/10/2026 10:00","EXPIRED","Services","AMBIGUOUS","B+D?","etudes techniques; suivi; universitaire","Professional design/study/control at a university or higher-education site; title concerns a limited building/extension rather than proving a major campus commission.","MEDIUM","YES","https://www.marchespublics.gov.ma/index.php?page=entreprise.EntrepriseDetailsConsultation&refConsultation=1039330&orgAcronyme=q9t","2026-10-09 21:04:17.924986+00:00"
"3031","1039337","41/2026/CHM6M","41/2026/CHM6M - ...","le contrôle et l’optimisation des études techniques et suivi des travaux de construction d’espace d’accueil aux urgences de l’hôpital ARRAZI relevant du Centre Hospitalo-Universitaire Mohammed VI à Marrakech. ...","CENTRE HOSPITALIER UNIVERSITAIRE MOHAMMED VI - MARRAKECH      -","Appel d'offres ouvert","08/10/2026 10:00","EXPIRED","Services","AMBIGUOUS","B+D?","etudes techniques; suivi; controle; universitaire","Professional design/study/control at a university or higher-education site; title concerns a limited building/extension rather than proving a major campus commission.","MEDIUM","YES","https://www.marchespublics.gov.ma/index.php?page=entreprise.EntrepriseDetailsConsultation&refConsultation=1039337&orgAcronyme=q9t","2026-10-09 21:04:17.924986+00:00"
"3069","1029384","22/2026/CAR/CAM","22/2026/CAR/CAM - ...","Etude Architecturale Conception Et Suivi Des Travaux De Construction De La Maison Du Quartier Oubairouk A La Commune Ait Melloul –Prefecture Inzegane/Ait Melloul ...","Commune urbaine de AIT MELLOUL      -","Consultation architecturale ouverte","08/10/2026 10:00","EXPIRED","Services","AMBIGUOUS","B+C","etude architecturale; suivi; procedure: consultation architecturale ouverte","Architectural service/consultation for an ordinary sport or social facility; no automatic acceptance. Detail must demonstrate strategic scale or heritage relevance.","LOW","YES","https://www.marchespublics.gov.ma/index.php?page=entreprise.EntrepriseDetailsConsultation&refConsultation=1029384&orgAcronyme=f9f","2026-10-09 21:04:17.924986+00:00"
"3245","1039520","Taounate","Taounate - ...","ELABORATION DES ETUDES TECHNIQUES ET LE SUIVI DES TRAVAUX D’AMENAGEMENT DE LA MOSQUEE MOULAY BOUCHTA DANS LA PROVINCE DE TAOUNATE ...","MINISTERE DES HABOUS ET DES AFFAIRES ISLAMIQUES      -","Appel d'offres ouvert","07/10/2026 10:00","EXPIRED","Services","AMBIGUOUS","B+D?","etudes techniques; suivi; mosquee","Professional study/supervision or architectural mission concerning a mosque; historical status is unstated and specialist/control or ordinary repair scope may be outside ARCHERITAGE. Detail required.","LOW","YES","https://www.marchespublics.gov.ma/index.php?page=entreprise.EntrepriseDetailsConsultation&refConsultation=1039520&orgAcronyme=f4g","2026-10-09 21:04:17.924986+00:00"
"3316","1039163","35/SMTF/DM/FSH/2026","35/SMTF/DM/FSH/2026 - ...","LA RECEPTION DES FONDS DE FOUILLES, SUIVI ET CONTROLE DE QUALITE DES TRAVAUX DE RESTAURATION DE LA MOSQUEE TACHENBACHET AL KHARIJI ET SES DEPENDANCES A MARRAKECH, EN LOT UNIQUE ...","Direction des Mosquées      -","Appel d'offres ouvert","06/10/2026 14:30","EXPIRED","Services","AMBIGUOUS","B+D?","suivi; controle; mosquee","Professional study/supervision or architectural mission concerning a mosque; historical status is unstated and specialist/control or ordinary repair scope may be outside ARCHERITAGE. Detail required.","LOW","YES","https://www.marchespublics.gov.ma/index.php?page=entreprise.EntrepriseDetailsConsultation&refConsultation=1039163&orgAcronyme=f4g","2026-10-09 21:04:17.924986+00:00"
"3472","1035544","11/PK/BG/2026","11/PK/BG/2026 - ...","études techniques et suivi des travaux de construction du Siege District Assam à Kenitra - Province de Kenitra. ...","GOUVERNEUR PROVINCIAL DE KENITRA      -","Appel d'offres ouvert","06/10/2026 10:00","EXPIRED","Services","AMBIGUOUS","B+D?","etudes techniques; suivi; siege","Professional study/design/control for public administrative premises; title does not prove major headquarters scale and may concern ordinary local or repair works.","LOW","YES","https://www.marchespublics.gov.ma/index.php?page=entreprise.EntrepriseDetailsConsultation&refConsultation=1035544&orgAcronyme=g3h","2026-10-09 21:04:17.924986+00:00"
"3474","1036989","03/CA/2026/INDH/PG","03/CA/2026/INDH/PG - ...","Etude Architecturale et Suivi des Travaux d’extension de Dar Talib et Taliba Berkine à la commune de Berkine -Province de Guercif-. ...","Province de Guercif      -","Consultation architecturale ouverte","06/10/2026 10:00","EXPIRED","Services","AMBIGUOUS","B+C","etude architecturale; suivi; procedure: consultation architecturale ouverte","Architectural service/consultation for an ordinary sport or social facility; no automatic acceptance. Detail must demonstrate strategic scale or heritage relevance.","LOW","YES","https://www.marchespublics.gov.ma/index.php?page=entreprise.EntrepriseDetailsConsultation&refConsultation=1036989&orgAcronyme=g3h","2026-10-09 21:04:17.924986+00:00"
"3487","1043142","34/SKAD/2026","34/SKAD/2026 - ...","ÉTUDES ET SUIVI DES TRAVAUX D’AMÉNAGEMENT DE LA CORNICHE D’OUED SEBOU DE LA VILLE DE KÉNITRA ...","SOCIETE DE DEVELOPPEMENT LOCAL KENITRA AMENAGEMENT ET DEVELOPPEMENT      -","Appel d'offres ouvert simplifié","06/10/2026 10:00","EXPIRED","Services","AMBIGUOUS","B+D?","suivi; corniche","Professional service with architectural/public-building/landscape context, but heritage status, project scale or appropriate discipline is not established.","MEDIUM","YES","https://www.marchespublics.gov.ma/index.php?page=entreprise.EntrepriseDetailsConsultation&refConsultation=1043142&orgAcronyme=g3h","2026-10-09 21:04:17.924986+00:00"
"3500","1033747","03/2026/DRDEAGADIR","03/2026/DRDEAGADIR - ...","Etudes techniques et suivi des travaux d’aménagement du siège de la Délégation des Domaines de l’Etat de Tiznit en lot unique ...","DIRECTEUR REGIONAL DE DOMAINES A AGADIR      -","Appel d'offres ouvert simplifié","06/10/2026 10:00","EXPIRED","Services","AMBIGUOUS","B+D?","etudes techniques; suivi; siege","Professional study/design/control for public administrative premises; title does not prove major headquarters scale and may concern ordinary local or repair works.","LOW","YES","https://www.marchespublics.gov.ma/index.php?page=entreprise.EntrepriseDetailsConsultation&refConsultation=1033747&orgAcronyme=g8e","2026-10-09 21:04:17.924986+00:00"
"3592","1038895","90/AREPFM/2026","90/AREPFM/2026 - ...","ETUDES ARCHITECTURALES ET SUIVI DES TRAVAUX DE CONSTRUCTION DU CENTRE DE SECOURS DE LA PROTECTION CIVILE AL ISMAILIA A LA VILLE DE MEKNES – REGION FES MEKNES ...","AGENCE REGIONALE D'EXECUTION DES PROJETS DE LA REGION FES-MEKNES      -","Consultation architecturale ouverte","05/10/2026 12:00","EXPIRED","Services","AMBIGUOUS","B+C","etudes architecturales; suivi; procedure: consultation architecturale ouverte","Professional service with architectural/public-building/landscape context, but heritage status, project scale or appropriate discipline is not established.","MEDIUM","YES","https://www.marchespublics.gov.ma/index.php?page=entreprise.EntrepriseDetailsConsultation&refConsultation=1038895&orgAcronyme=e5w","2026-10-09 21:04:17.924986+00:00"
"3603","1038764",".01/ASBMS/2026.",".01/ASBMS/2026. - ...","ETUDES ARCHITECTURALES, SUIVI ET COORDINATION DES TRAVAUX DE RECONSTRUCTION DE DEUX UNITES SCOLAIRES MODULAIRES DES DOUARS TOUNKSIF ET TOUG EL KHIR ET D’UNE UNITE SCOLAIRE DEFINITIVE DU DOUAR TIGHZA ET DE CINQ MOSQUEES DES ...","CHEF D'AMÉNAGEMENT DE LA SURELEVATION DU BARRAGE MOKHTAR SOUSSI      -","Consultation architecturale ouverte","05/10/2026 11:00","EXPIRED","Services","AMBIGUOUS","B+C+D?","etudes architecturales; suivi; mosquees; procedure: consultation architecturale ouverte","Professional study/supervision or architectural mission concerning a mosque; historical status is unstated and specialist/control or ordinary repair scope may be outside ARCHERITAGE. Detail required.","LOW","YES","https://www.marchespublics.gov.ma/index.php?page=entreprise.EntrepriseDetailsConsultation&refConsultation=1038764&orgAcronyme=o8p","2026-10-09 21:04:17.924986+00:00"
"3613","1036114","CA/01/2026/BG","CA/01/2026/BG - ...","Etude architecturale et le suivi des travaux pour la construction des bâtiments administratifs au sein du siège de la Préfecture d’Arrondissements de Sidi Bernoussi. ...","GOUVERNEUR DE LA PREFECTURE D'ARRONDISSEMENT DE SIDI BERNOUSSI      -","Consultation architecturale ouverte","05/10/2026 11:00","EXPIRED","Services","AMBIGUOUS","B+C+D?","etude architecturale; suivi; siege; procedure: consultation architecturale ouverte","Professional study/design/control for public administrative premises; title does not prove major headquarters scale and may concern ordinary local or repair works.","MEDIUM","YES","https://www.marchespublics.gov.ma/index.php?page=entreprise.EntrepriseDetailsConsultation&refConsultation=1036114&orgAcronyme=g3h","2026-10-09 21:04:17.924986+00:00"
"3634","1038866","89/AREPFM/2026","89/AREPFM/2026 - ...","ETUDES ARCHITECTURALES ET SUIVI DES TRAVAUX DE DEMOLITION ET RECONSTRUCTION D’UNE CASERNE DE GENDARMERIE ROYALE - PROVINCE D’IFRANE - REGION FES MEKNES ...","AGENCE REGIONALE D'EXECUTION DES PROJETS DE LA REGION FES-MEKNES      -","Consultation architecturale ouverte","05/10/2026 11:00","EXPIRED","Services","AMBIGUOUS","B+C","etudes architecturales; suivi; procedure: consultation architecturale ouverte","Professional service with architectural/public-building/landscape context, but heritage status, project scale or appropriate discipline is not established.","MEDIUM","YES","https://www.marchespublics.gov.ma/index.php?page=entreprise.EntrepriseDetailsConsultation&refConsultation=1038866&orgAcronyme=e5w","2026-10-09 21:04:17.924986+00:00"
"3649","1032428","05/2026/CA/BR/RGON","05/2026/CA/BR/RGON - ...","ETUDE ARCHITECTURAL ET SUIVI DES TRAVAUX D’AMÉNAGEMENT EXTÉRIEUR DU CENTRE MOHAMED VI DES HANDICAPES A LA VILLE DE GUELMIM PROVINCE DE GUELMIM ...","REGION DE GUELMIM - OUED NOUN      -","Consultation architecturale ouverte","05/10/2026 10:30","EXPIRED","Services","AMBIGUOUS","B+C","suivi; procedure: consultation architecturale ouverte","Professional service with architectural/public-building/landscape context, but heritage status, project scale or appropriate discipline is not established.","MEDIUM","YES","https://www.marchespublics.gov.ma/index.php?page=entreprise.EntrepriseDetailsConsultation&refConsultation=1032428&orgAcronyme=m8x","2026-10-09 21:04:17.924986+00:00"
"3666","1038949","195/2026/APDN","195/2026/APDN - ...","ETUDES TECHNIQUES ET SUIVI DES TRAVAUX DE RÉHABILITATION DES FAÇADES ET MISE À NIVEAU DE L’ENVIRONNEMENT DE KSAR MAJAZ, PROVINCE FAHS ANJRA. ...","AGENCE POUR LA PROMOTION ET LE DEVELOPPEMENT ECONOMIQUE ET SOCIAL DES PREFECTURES ET PROVINCES DU NORD DU ROYAUME      -","Appel d'offres ouvert","05/10/2026 10:00","EXPIRED","Services","AMBIGUOUS","B","etudes techniques; suivi; rehabilitation des facades","Technical studies and supervision of facade rehabilitation at Ksar Majaz; Ksar may be a locality, not a historic ksar. Verify heritage status and architectural intervention.","LOW","YES","https://www.marchespublics.gov.ma/index.php?page=entreprise.EntrepriseDetailsConsultation&refConsultation=1038949&orgAcronyme=a1t","2026-10-09 21:04:17.924986+00:00"
"3670","1031693","21/2026/PB/DE/BG","21/2026/PB/DE/BG - ...","CONCEPTION ARCHITECTURALE ET SUIVI DES TRAVAUX CONSTRUCTION DU NOUVEAU SIEGE DU PACHALIK BOULEMANE SIS A COMMUNE DE BOULEMANE. PROVINCE DE BOULEMANE ...","GOUVERNEUR DE BOULMANE      -","Consultation architecturale ouverte simplifiée","05/10/2026 10:00","EXPIRED","Services","AMBIGUOUS","B+C+D?","suivi; conception architecturale; siege; procedure: consultation architecturale ouverte simplifiee","Professional study/design/control for public administrative premises; title does not prove major headquarters scale and may concern ordinary local or repair works.","LOW","YES","https://www.marchespublics.gov.ma/index.php?page=entreprise.EntrepriseDetailsConsultation&refConsultation=1031693&orgAcronyme=g3h","2026-10-09 21:04:17.924986+00:00"
"3730","1038225","03/ASG/2026","03/ASG/2026 - ...","""دراسة تقنية وتتبع أشغال مشروع تأهيل لقصر حنابو، بجماعة عرب الصباح الغريس، إقليم الرشيدية (الشطر الأول) – حصة فريدة '' ...","Commune rurale de AARAB SEBBAH GHERIS      -","Appel d'offres ouvert","05/10/2026 10:00","EXPIRED","Services","AMBIGUOUS","A?+B","Arabic: technical study; Arabic: supervision; Arabic: rehabilitation; Arabic: ksar/palace Hanabou","Arabic title: technical study and supervision of rehabilitation of Ksar Hanabou; built-heritage identity and professional scope need confirmation.","MEDIUM","YES","https://www.marchespublics.gov.ma/index.php?page=entreprise.EntrepriseDetailsConsultation&refConsultation=1038225&orgAcronyme=q0x","2026-10-09 21:04:17.924986+00:00"
"3799","1036470","05/2026/AUS","05/2026/AUS - ...","Appel d’offres ouvert National n° 05/2026 ayant pour objet l’étude architecturale et paysagère pour l’émergence d’un modèle de développement territorial autour du barrage Al Massira (province de Settat). ...","AGENCE URBAINE DE SETTAT      -","Appel d'offres ouvert","02/10/2026 10:30","EXPIRED","Services","AMBIGUOUS","B","etude architecturale","Professional service with architectural/public-building/landscape context, but heritage status, project scale or appropriate discipline is not established.","LOW","YES","https://www.marchespublics.gov.ma/index.php?page=entreprise.EntrepriseDetailsConsultation&refConsultation=1036470&orgAcronyme=j8k","2026-10-09 21:04:17.924986+00:00"
"3844","1036758","51/2026","51/2026 - ...","CONTROLE ET OPTIMISATION DES ETUDES TECHNIQUES ET CONTROLE DES TRAVAUX DE RECONSTRUCTION DU CENTRE HOSPITALIER REGIONAL DE SOUSS MASSA- AGADIR. ...","DIRECTION REGIONALE DE L'AGENCE NATIONALE DES EQUIPEMENTS PUBLICS DU SUD      -","Appel d'offres ouvert","17/11/2026 10:00","FUTURE_UNVERIFIED","Services","AMBIGUOUS","B+D?","etudes techniques; controle; centre hospitalier regional","Professional technical study/control at a hospital; regional reconstruction specialist scope or limited extension/interior works requires discipline and scale verification.","MEDIUM","YES","https://www.marchespublics.gov.ma/index.php?page=entreprise.EntrepriseDetailsConsultation&refConsultation=1036758&orgAcronyme=o8p","2026-10-09 21:04:17.924986+00:00"
"3889","1032760","91/2026/CM","91/2026/CM - ...","Consultation architecturale relative à l’étude et suivi des travaux de construction d’un centre d’animation et d’épanouissement des jeunes à Ain Slim à l’Arrondissement Ennakhil -Marrakech ...","Commune urbaine de MARRAKECH      -","Consultation architecturale ouverte","03/11/2026 11:00","FUTURE_UNVERIFIED","Services","AMBIGUOUS","B+C","suivi; procedure: consultation architecturale ouverte","Professional service with architectural/public-building/landscape context, but heritage status, project scale or appropriate discipline is not established.","MEDIUM","YES","https://www.marchespublics.gov.ma/index.php?page=entreprise.EntrepriseDetailsConsultation&refConsultation=1032760&orgAcronyme=j0w","2026-10-09 21:04:17.924986+00:00"
"3890","1032762","92/2026/CM","92/2026/CM - ...","Consultation architecturale relative à l’étude et suivi du projet de mise à niveau de la piscine publique Sidi Youssef Ben Ali à la ville de Marrakech ...","Commune urbaine de MARRAKECH      -","Consultation architecturale ouverte","03/11/2026 11:00","FUTURE_UNVERIFIED","Services","AMBIGUOUS","B+C","suivi; procedure: consultation architecturale ouverte","Architectural service/consultation for an ordinary sport or social facility; no automatic acceptance. Detail must demonstrate strategic scale or heritage relevance.","LOW","YES","https://www.marchespublics.gov.ma/index.php?page=entreprise.EntrepriseDetailsConsultation&refConsultation=1032762&orgAcronyme=j0w","2026-10-09 21:04:17.924986+00:00"
"3929","1045882","13/2026","13/2026 - ...","Elaboration des études techniques, assistance à la maîtrise d’ouvrage et suivi technique de l’exécution des travaux de démolition et de reconstruction du pole socio-éducatif Bab Doukkala relevant de la Direction ...","ENTRAIDE NATIONALE      -","Appel d'offres ouvert","02/11/2026 12:00","FUTURE_UNVERIFIED","Services","AMBIGUOUS","B+D?","etudes techniques; suivi","Professional study/design or project assistance for a recreational/socio-educational site; architectural scale and heritage context need confirmation.","LOW","YES","https://www.marchespublics.gov.ma/index.php?page=entreprise.EntrepriseDetailsConsultation&refConsultation=1045882&orgAcronyme=y5l","2026-10-09 21:04:17.924986+00:00"
"3934","1045875","12/2026","12/2026 - ...","Contrôle des études techniques et contrôle de l’exécution des travaux de démolition et de reconstruction du pole socio-éducatif Bab Doukkala relevant de la direction régionale de l’Entraide Nationale de la région de ...","ENTRAIDE NATIONALE      -","Appel d'offres ouvert","02/11/2026 11:00","FUTURE_UNVERIFIED","Services","AMBIGUOUS","B+D?","etudes techniques; controle","Professional study/design or project assistance for a recreational/socio-educational site; architectural scale and heritage context need confirmation.","LOW","YES","https://www.marchespublics.gov.ma/index.php?page=entreprise.EntrepriseDetailsConsultation&refConsultation=1045875&orgAcronyme=y5l","2026-10-09 21:04:17.924986+00:00"
"4023","1042977","44/SMTF/DM/FSH/2026","44/SMTF/DM/FSH/2026 - ...","LA RECEPTION DES FONDS DE FOUILLES, SUIVI ET CONTROLE DE QUALITE DES TRAVAUX DE RESTAURATION DE LA MOSQUE « DERB EL HALFAOUI » ET SES DEPENDANCES A MARRAKECH, EN LOT UNIQUE ...","Direction des Mosquées      -","Appel d'offres ouvert","29/10/2026 14:30","FUTURE_UNVERIFIED","Services","AMBIGUOUS","B+D?","suivi; controle","Professional study/supervision or architectural mission concerning a mosque; historical status is unstated and specialist/control or ordinary repair scope may be outside ARCHERITAGE. Detail required.","LOW","YES","https://www.marchespublics.gov.ma/index.php?page=entreprise.EntrepriseDetailsConsultation&refConsultation=1042977&orgAcronyme=f4g","2026-10-09 21:04:17.924986+00:00"
"4062","1046590","CA09/2026/AREFBK","CA09/2026/AREFBK - ...","Études architecturales et suivi des travaux d’extension de l’Académie Régionale d’Éducation et de Formation Beni Mellal-Khénifra. ...","ACADEMIE REGIONALE D'EDUCATION ET DE FORMATION BENI MELLAL-KHENIFRA      -","Consultation architecturale ouverte","29/10/2026 11:00","FUTURE_UNVERIFIED","Services","AMBIGUOUS","B+C","etudes architecturales; suivi; procedure: consultation architecturale ouverte","Professional service with architectural/public-building/landscape context, but heritage status, project scale or appropriate discipline is not established.","MEDIUM","YES","https://www.marchespublics.gov.ma/index.php?page=entreprise.EntrepriseDetailsConsultation&refConsultation=1046590&orgAcronyme=p8x","2026-10-09 21:04:17.924986+00:00"
"4072","1032755","88/2026/CM","88/2026/CM - ...","Consultation architecturale relative à l’étude et suivi du projet de construction d’un centre d’addictologie et de réinsertion des jeunes à l’Arrondissement Ménara ...","Commune urbaine de MARRAKECH      -","Consultation architecturale ouverte","29/10/2026 11:00","FUTURE_UNVERIFIED","Services","AMBIGUOUS","B+C","suivi; procedure: consultation architecturale ouverte","Professional service with architectural/public-building/landscape context, but heritage status, project scale or appropriate discipline is not established.","MEDIUM","YES","https://www.marchespublics.gov.ma/index.php?page=entreprise.EntrepriseDetailsConsultation&refConsultation=1032755&orgAcronyme=j0w","2026-10-09 21:04:17.924986+00:00"
"4073","1032757","89/2026/CM","89/2026/CM - ...","Consultation architecturale relative à l’étude et suivi du projet de construction d’un centre d’addictologie et de réinsertion des jeunes à l’Arrondissement Sidi Youssef Ben Ali ...","Commune urbaine de MARRAKECH      -","Consultation architecturale ouverte","29/10/2026 11:00","FUTURE_UNVERIFIED","Services","AMBIGUOUS","B+C","suivi; procedure: consultation architecturale ouverte","Professional service with architectural/public-building/landscape context, but heritage status, project scale or appropriate discipline is not established.","MEDIUM","YES","https://www.marchespublics.gov.ma/index.php?page=entreprise.EntrepriseDetailsConsultation&refConsultation=1032757&orgAcronyme=j0w","2026-10-09 21:04:17.924986+00:00"
"4074","1032758","90/2026/CM","90/2026/CM - ...","Consultation architecturale relative à l’étude et suivi du projet de construction d’une piscine publique Al Massira 3 à la ville de Marrakech. ...","Commune urbaine de MARRAKECH      -","Consultation architecturale ouverte","29/10/2026 11:00","FUTURE_UNVERIFIED","Services","AMBIGUOUS","B+C","suivi; procedure: consultation architecturale ouverte","Architectural service/consultation for an ordinary sport or social facility; no automatic acceptance. Detail must demonstrate strategic scale or heritage relevance.","LOW","YES","https://www.marchespublics.gov.ma/index.php?page=entreprise.EntrepriseDetailsConsultation&refConsultation=1032758&orgAcronyme=j0w","2026-10-09 21:04:17.924986+00:00"
"4113","1041362","31/2026/0324","31/2026/0324 - ...","ETUDES TECHNIQUES ET LE SUIVI DES TRAVAUX DE REHABILITATION DU TRIBUNAL DE PREMIERE INSTANCE DE SEFROU, EN LOT UNIQUE. ...","DIRECTION PROVINCIALE DE LA JUSTICE FES      -","Appel d'offres ouvert","29/10/2026 10:00","FUTURE_UNVERIFIED","Services","AMBIGUOUS","B","etudes techniques; suivi","Professional service with architectural/public-building/landscape context, but heritage status, project scale or appropriate discipline is not established.","LOW","YES","https://www.marchespublics.gov.ma/index.php?page=entreprise.EntrepriseDetailsConsultation&refConsultation=1041362&orgAcronyme=t5y","2026-10-09 21:04:17.924986+00:00"
"4177","1046806","C01/2026","C01/2026 - ...","ETUDES ARCHITECTURALES POUR LA CONCEPTION ET LE SUIVI DE REALISATION DES TRAVAUX DE CONSTRUCTION DE BLOC DE BUREAUX DES ENSEIGNANTS ET LOCAUX ANNEXES AU SEIN DE LA FACULTE DES SCIENCES DHAR EL MAHRAZ FES ...","FACULTE DES SCIENCES DHAR EL MEHRAZ - FES      -","Concours Architectural","29/10/2026 10:00","FUTURE_UNVERIFIED","Services","AMBIGUOUS","B+C+D?","etudes architecturales; suivi; procedure: concours architectural","Professional design/study/control at a university or higher-education site; title concerns a limited building/extension rather than proving a major campus commission.","MEDIUM","YES","https://www.marchespublics.gov.ma/index.php?page=entreprise.EntrepriseDetailsConsultation&refConsultation=1046806&orgAcronyme=z7x","2026-10-09 21:04:17.924986+00:00"
"4184","1043188","04./2026/CZ","04./2026/CZ - ...","ETUDES ARCHITECTURALES ET SUIVI DES TRAVAUX DE VIABILISATION DE LOTISSEMENT POUR LA REALISATION D'EQUIPEMENTS PUBLICS DANS LA VILLE DE ZEMAMRA. ...","Commune urbaine de ZMAMRA      -","Consultation architecturale ouverte","29/10/2026 10:00","FUTURE_UNVERIFIED","Services","AMBIGUOUS","B+C","etudes architecturales; suivi; procedure: consultation architecturale ouverte","Professional service with architectural/public-building/landscape context, but heritage status, project scale or appropriate discipline is not established.","MEDIUM","YES","https://www.marchespublics.gov.ma/index.php?page=entreprise.EntrepriseDetailsConsultation&refConsultation=1043188&orgAcronyme=p1v","2026-10-09 21:04:17.924986+00:00"
"4227","1042969","42/SMTF/DM/FSH/2026","42/SMTF/DM/FSH/2026 - ...","LA RECEPTION DES FONDS DE FOUILLES, SUIVI ET CONTROLE DE QUALITE DES TRAVAUX DE RESTAURATION DE LA MOSQUEE QUETTA ET SES DEPENDANCES A MARRAKECH, EN LOT UNIQUE ...","Direction des Mosquées      -","Appel d'offres ouvert","28/10/2026 14:30","FUTURE_UNVERIFIED","Services","AMBIGUOUS","B+D?","suivi; controle; mosquee","Professional study/supervision or architectural mission concerning a mosque; historical status is unstated and specialist/control or ordinary repair scope may be outside ARCHERITAGE. Detail required.","LOW","YES","https://www.marchespublics.gov.ma/index.php?page=entreprise.EntrepriseDetailsConsultation&refConsultation=1042969&orgAcronyme=f4g","2026-10-09 21:04:17.924986+00:00"
"4240","1045852","243/2026","243/2026 - ...","ASSISTANCE TECHNIQUES ET SUIVI DES TRAVAUX DE CONSTRUCTION D’EXTENSION DE L’HOPITAL DE PROXIMITE DE MRIRT RELEVANT DE LA PROVINCE DE KHENIFRA. -LOT UNIQUE- ...","AGENCE REGIONALE D'EXECUTION DES PROJETS DE LA REGION BENI MELLAL- KHENIFRA      -","Appel d'offres ouvert","28/10/2026 11:30","FUTURE_UNVERIFIED","Services","AMBIGUOUS","B+D?","suivi","Professional technical study/control at a hospital; regional reconstruction specialist scope or limited extension/interior works requires discipline and scale verification.","MEDIUM","YES","https://www.marchespublics.gov.ma/index.php?page=entreprise.EntrepriseDetailsConsultation&refConsultation=1045852&orgAcronyme=g8e","2026-10-09 21:04:17.924986+00:00"
"4277","1042059","52/2026","52/2026 - ...","L’ACHEVEMENT DE LA MISSION ARCHITECTURALE RELATIVE AUX TRAVAUX DE RECONSTRUCTION DE LA MOSQUEE IDBAYISME – PROVINCE DE SIDI IFNI. ...","DIRECTION REGIONALE DE L'AGENCE NATIONALE DES EQUIPEMENTS PUBLICS DU SUD      -","Consultation architecturale ouverte simplifiée","28/10/2026 10:00","FUTURE_UNVERIFIED","Services","AMBIGUOUS","B+C+D?","mosquee; procedure: consultation architecturale ouverte simplifiee","Professional study/supervision or architectural mission concerning a mosque; historical status is unstated and specialist/control or ordinary repair scope may be outside ARCHERITAGE. Detail required.","LOW","YES","https://www.marchespublics.gov.ma/index.php?page=entreprise.EntrepriseDetailsConsultation&refConsultation=1042059&orgAcronyme=o8p","2026-10-09 21:04:17.924986+00:00"
"4359","1045886","05/2026/AUSY","05/2026/AUSY - ...","L’étude d’élaboration de la charte architecturale, urbanistique et paysagère du littoral et de son monde rural de la Province de Safi. -Lot unique- ...","AGENCE URBAINE DE SAFI      -","Appel d'offres ouvert","27/10/2026 12:00","FUTURE_UNVERIFIED","Services","AMBIGUOUS","B","charte architecturale","Architectural, urbanistic or landscape charter for the named territory; professional scope is clear but heritage/major-project relevance is not.","LOW","YES","https://www.marchespublics.gov.ma/index.php?page=entreprise.EntrepriseDetailsConsultation&refConsultation=1045886&orgAcronyme=j8k","2026-10-09 21:04:17.924986+00:00"
"4364","1045878","04/2026/AUSY","04/2026/AUSY - ...","L’étude d’élaboration de la charte architecturale, paysagère et urbanistique des centres ruraux émergents au niveau des provinces de Safi et de Youssoufia. -Lot unique- ...","AGENCE URBAINE DE SAFI      -","Appel d'offres ouvert","27/10/2026 11:30","FUTURE_UNVERIFIED","Services","AMBIGUOUS","B","charte architecturale","Architectural, urbanistic or landscape charter for the named territory; professional scope is clear but heritage/major-project relevance is not.","LOW","YES","https://www.marchespublics.gov.ma/index.php?page=entreprise.EntrepriseDetailsConsultation&refConsultation=1045878&orgAcronyme=j8k","2026-10-09 21:04:17.924986+00:00"
"4365","1045966","C01/2026","C01/2026 - ...","ETUDES ARCHITECTURALES POUR LA CONCEPTION ET LE SUIVI DE REALISATION DES TRAVAUX DE CONSTRUCTION D’UN CENTRE DE CODE 212 AU CAMPUS DHAR EL MAHRAZ FES. ...","PRESIDENCE DE L'UNIVERSITE SIDI MOHAMED BEN ABDELLAH      -","Consultation architecturale ouverte","27/10/2026 11:30","FUTURE_UNVERIFIED","Services","AMBIGUOUS","B+C+D?","etudes architecturales; suivi; campus; procedure: consultation architecturale ouverte","Professional design/study/control at a university or higher-education site; title concerns a limited building/extension rather than proving a major campus commission.","MEDIUM","YES","https://www.marchespublics.gov.ma/index.php?page=entreprise.EntrepriseDetailsConsultation&refConsultation=1045966&orgAcronyme=z7x","2026-10-09 21:04:17.924986+00:00"
"4425","1044554","05/.2026/CZ","05/.2026/CZ - ...","ETUDES ARCHITECTURALES ET SUIVI DES TRAVAUX DE CONSTRUCTION DE DAR ETTALIB A LA VILLE DE ZEMAMRA ...","Commune urbaine de ZMAMRA      -","Consultation architecturale ouverte","05/11/2026 11:00","FUTURE_UNVERIFIED","Services","AMBIGUOUS","B+C","etudes architecturales; suivi; procedure: consultation architecturale ouverte","Architectural service/consultation for an ordinary sport or social facility; no automatic acceptance. Detail must demonstrate strategic scale or heritage relevance.","LOW","YES","https://www.marchespublics.gov.ma/index.php?page=entreprise.EntrepriseDetailsConsultation&refConsultation=1044554&orgAcronyme=p1v","2026-10-09 21:04:17.924986+00:00"
"4597","1042502","20/BC.OT/2026","20/BC.OT/2026 - ...","ETUDES ARCHITECTURALE ET SUIVI DES TRAVAUX DE CONSTRUCTION D'UNE GARE ROUTIERE À LA COMMUNE D'OULED TEIMA PROVINCE DE TAROUDANT ...","Commune urbaine de OULAD TAIMA      -","Consultation architecturale ouverte","03/11/2026 10:00","FUTURE_UNVERIFIED","Services","AMBIGUOUS","B+C","etudes architecturale; suivi; procedure: consultation architecturale ouverte","Professional service with architectural/public-building/landscape context, but heritage status, project scale or appropriate discipline is not established.","MEDIUM","YES","https://www.marchespublics.gov.ma/index.php?page=entreprise.EntrepriseDetailsConsultation&refConsultation=1042502&orgAcronyme=f9f","2026-10-09 21:04:17.924986+00:00"
"4665","1048247",".195/2026/apdn",".195/2026/apdn - ...","Études techniques et suivi des travaux de réhabilitation des façades et mise à niveau de l’environnement de Ksar Majaz, province Fahs - Anjra. ...","AGENCE POUR LA PROMOTION ET LE DEVELOPPEMENT ECONOMIQUE ET SOCIAL DES PREFECTURES ET PROVINCES DU NORD DU ROYAUME      -","Appel d'offres ouvert","02/11/2026 10:00","FUTURE_UNVERIFIED","Services","AMBIGUOUS","B","etudes techniques; suivi; rehabilitation des facades","Technical studies and supervision of facade rehabilitation at Ksar Majaz; Ksar may be a locality, not a historic ksar. Verify heritage status and architectural intervention.","LOW","YES","https://www.marchespublics.gov.ma/index.php?page=entreprise.EntrepriseDetailsConsultation&refConsultation=1048247&orgAcronyme=a1t","2026-10-09 21:04:17.924986+00:00"
"4783","1044278","43/2026/INDH/PT","43/2026/INDH/PT - ...","ETUDE ARCHITECTURALE ET SUIVI DU PROJET CONSTRUCTION DE DAR AL OMOUMA A LA COMMUNE DE MAGHRAOUA - PROVINCE DE TAZA. ...","GOUVERNEUR DE LA PROVINCE DE TAZA      -","Consultation architecturale ouverte","29/10/2026 10:30","FUTURE_UNVERIFIED","Services","AMBIGUOUS","B+C","etude architecturale; suivi; procedure: consultation architecturale ouverte","Architectural service/consultation for an ordinary sport or social facility; no automatic acceptance. Detail must demonstrate strategic scale or heritage relevance.","LOW","YES","https://www.marchespublics.gov.ma/index.php?page=entreprise.EntrepriseDetailsConsultation&refConsultation=1044278&orgAcronyme=g3h","2026-10-09 21:04:17.924986+00:00"
"4790","1043771","42/2026/INDH/PT","42/2026/INDH/PT - ...","étude architecturale et suivi du projet de construction d’un centre d’accueil pour mendiants et vagabonds à la Ville de Taza - Province de Taza. ...","GOUVERNEUR DE LA PROVINCE DE TAZA      -","Appel d'offres ouvert","29/10/2026 10:00","FUTURE_UNVERIFIED","Services","AMBIGUOUS","B","etude architecturale; suivi","Architectural service/consultation for an ordinary sport or social facility; no automatic acceptance. Detail must demonstrate strategic scale or heritage relevance.","LOW","YES","https://www.marchespublics.gov.ma/index.php?page=entreprise.EntrepriseDetailsConsultation&refConsultation=1043771&orgAcronyme=g3h","2026-10-09 21:04:17.924986+00:00"
"4889","1045784","01/2026/AUSY","01/2026/AUSY - ...","L’étude d’élaboration du plan d’aménagement de la Ville de Safi, Province de Safi. -Lot unique- ...","AGENCE URBAINE DE SAFI      -","Appel d'offres ouvert","27/10/2026 10:00","FUTURE_UNVERIFIED","Services","AMBIGUOUS","B","plan d'amenagement","City-scale, coastal-sector or extra-muros planning may involve strategic architecture or historic urban context; title does not establish eligibility.","LOW","YES","https://www.marchespublics.gov.ma/index.php?page=entreprise.EntrepriseDetailsConsultation&refConsultation=1045784&orgAcronyme=j8k","2026-10-09 21:04:17.924986+00:00"
"4925","1045307","03/2026/ARCH/DRAI/SM","03/2026/ARCH/DRAI/SM - ...","LA CONCEPTION ARCHITECTURALE ET SUIVI DES TRAVAUX D’AMENAGEMENT DE LA MOSQUÉE CENTRALE DE FOUM ZGUID, PROVINCE DE TATA, REGION SOUSS MASSA. ...","DELEGUE REGIONAL DES AFFAIRES ISLAMIQUES DE LA REGION SOUS-MASSA      -","Consultation architecturale ouverte simplifiée","26/10/2026 10:00","FUTURE_UNVERIFIED","Services","AMBIGUOUS","B+C+D?","suivi; conception architecturale; mosquee; procedure: consultation architecturale ouverte simplifiee","Professional study/supervision or architectural mission concerning a mosque; historical status is unstated and specialist/control or ordinary repair scope may be outside ARCHERITAGE. Detail required.","LOW","YES","https://www.marchespublics.gov.ma/index.php?page=entreprise.EntrepriseDetailsConsultation&refConsultation=1045307&orgAcronyme=f4g","2026-10-09 21:04:17.924986+00:00"
"5002","1047344","17/DRAICS/BG/2026","17/DRAICS/BG/2026 - ...","Elaboration des études techniques et suivi des travaux d’aménagement des accessibilités pour les personnes à mobilité réduite dans plusieurs mosquées dans les préfectures et provinces de la région de Casablanca Settat, ...","DELEGUE REGIONAL DES AFFAIRES ISLAMIQUES DE LA REGION GRAND CASABLANCA      -","Appel d'offres ouvert simplifié","21/10/2026 10:30","FUTURE_UNVERIFIED","Services","AMBIGUOUS","B+D?","etudes techniques; suivi; mosquees","Professional study/supervision or architectural mission concerning a mosque; historical status is unstated and specialist/control or ordinary repair scope may be outside ARCHERITAGE. Detail required.","LOW","YES","https://www.marchespublics.gov.ma/index.php?page=entreprise.EntrepriseDetailsConsultation&refConsultation=1047344&orgAcronyme=f4g","2026-10-09 21:04:17.924986+00:00"
"5061","1042325","60/2026","60/2026 - ...","l’étude technique et suivi des travaux d’aménagement des locaux du service réanimation pédiatrique au centre hospitalier universitaire Mohamed VI Oujda. ...","REGION de ORIENTAL      -","Appel d'offres ouvert simplifié","20/10/2026 11:00","FUTURE_UNVERIFIED","Services","AMBIGUOUS","B+D?","etude technique; suivi; universitaire","Professional design/study/control at a university or higher-education site; title concerns a limited building/extension rather than proving a major campus commission.","MEDIUM","YES","https://www.marchespublics.gov.ma/index.php?page=entreprise.EntrepriseDetailsConsultation&refConsultation=1042325&orgAcronyme=f8y","2026-10-09 21:04:17.924986+00:00"
"5164","1047169","36/SKAD/2025","36/SKAD/2025 - ...","ÉTUDES ET SUIVI DES TRAVAUX D’AMÉNAGEMENT DE LA CORNICHE D’OUED SEBOU DE LA VILLE DE KÉNITRA. ...","SOCIETE DE DEVELOPPEMENT LOCAL KENITRA AMENAGEMENT ET DEVELOPPEMENT      -","Appel d'offres ouvert simplifié","19/10/2026 10:00","FUTURE_UNVERIFIED","Services","AMBIGUOUS","B+D?","suivi; corniche","Professional service with architectural/public-building/landscape context, but heritage status, project scale or appropriate discipline is not established.","MEDIUM","YES","https://www.marchespublics.gov.ma/index.php?page=entreprise.EntrepriseDetailsConsultation&refConsultation=1047169&orgAcronyme=g3h","2026-10-09 21:04:17.924986+00:00"
"5192","1045952","19/AO/INV/2026/DPTANTAN","19/AO/INV/2026/DPTANTAN - ...","ETUDES TECHNIQUES ET SUIVI DES TRAVAUX D’AMÉNAGEMENTS DU SIEGE DE LA DIRECTION PROVINCIALE DE TANTAN/AREF GON ...","DIRECTION PROVINCIALE DE L’EDUCATION NATIONALE DE TANTAN      -","Appel d'offres ouvert simplifié","16/10/2026 10:00","FUTURE_UNVERIFIED","Services","AMBIGUOUS","B+D?","etudes techniques; suivi; siege","Professional study/design/control for public administrative premises; title does not prove major headquarters scale and may concern ordinary local or repair works.","LOW","YES","https://www.marchespublics.gov.ma/index.php?page=entreprise.EntrepriseDetailsConsultation&refConsultation=1045952&orgAcronyme=p8x","2026-10-09 21:04:17.924986+00:00"
